username,phone,password
user001,09121000001,123456
user002,09121000002,123456
user003,09121000003,123456
user004,09121000004,123456
user005,09121000005,123456
user006,09121000006,123456
user007,09121000007,123456
user008,09121000008,123456
user009,09121000009,123456
user010,09121000010,123456
user011,09121000011,123456
user012,09121000012,123456
user013,09121000013,123456
user014,09121000014,123456
user015,09121000015,123456
user016,09121000016,123456
user017,09121000017,123456
user018,09121000018,123456
user019,09121000019,123456
user020,09121000020,123456
user021,09121000021,123456
user022,09121000022,123456
user023,09121000023,123456
user024,09121000024,123456
user025,09121000025,123456
user026,09121000026,123456
user027,09121000027,123456
user028,09121000028,123456
user029,09121000029,123456
user030,09121000030,123456
user031,09121000031,123456
user032,09121000032,123456
user033,09121000033,123456
user034,09121000034,123456
user035,09121000035,123456
user036,09121000036,123456
user037,09121000037,123456
user038,09121000038,123456
user039,09121000039,123456
user040,09121000040,123456
user041,09121000041,123456
user042,09121000042,123456
user043,09121000043,123456
user044,09121000044,123456
user045,09121000045,123456
user046,09121000046,123456
user047,09121000047,123456
user048,09121000048,123456
user049,09121000049,123456
user050,09121000050,123456
user051,09121000051,123456
user052,09121000052,123456
user053,09121000053,123456
user054,09121000054,123456
user055,09121000055,123456
user056,09121000056,123456
user057,09121000057,123456
user058,09121000058,123456
user059,09121000059,123456
user060,09121000060,123456
user061,09121000061,123456
user062,09121000062,123456
user063,09121000063,123456
user064,09121000064,123456
user065,09121000065,123456
user066,09121000066,123456
user067,09121000067,123456
user068,09121000068,123456
user069,09121000069,123456
user070,09121000070,123456
user071,09121000071,123456
user072,09121000072,123456
user073,09121000073,123456
user074,09121000074,123456
user075,09121000075,123456
user076,09121000076,123456
user077,09121000077,123456
user078,09121000078,123456
user079,09121000079,123456
user080,09121000080,123456
user081,09121000081,123456
user082,09121000082,123456
user083,09121000083,123456
user084,09121000084,123456
user085,09121000085,123456
user086,09121000086,123456
user087,09121000087,123456
user088,09121000088,123456
user089,09121000089,123456
user090,09121000090,123456
user091,09121000091,123456
user092,09121000092,123456
user093,09121000093,123456
user094,09121000094,123456
user095,09121000095,123456
user096,09121000096,123456
user097,09121000097,123456
user098,09121000098,123456
user099,09121000099,123456
user100,09121000100,123456
user101,09121000101,123456
user102,09121000102,123456
user103,09121000103,123456
user104,09121000104,123456
user105,09121000105,123456
user106,09121000106,123456
user107,09121000107,123456
user108,09121000108,123456
user109,09121000109,123456
user110,09121000110,123456
user111,09121000111,123456
user112,09121000112,123456
user113,09121000113,123456
user114,09121000114,123456
user115,09121000115,123456
user116,09121000116,123456
user117,09121000117,123456
user118,09121000118,123456
user119,09121000119,123456
user120,09121000120,123456
user121,09121000121,123456
user122,09121000122,123456
user123,09121000123,123456
user124,09121000124,123456
user125,09121000125,123456
user126,09121000126,123456
user127,09121000127,123456
user128,09121000128,123456
user129,09121000129,123456
user130,09121000130,123456
user131,09121000131,123456
user132,09121000132,123456
user133,09121000133,123456
user134,09121000134,123456
user135,09121000135,123456
user136,09121000136,123456
user137,09121000137,123456
user138,09121000138,123456
user139,09121000139,123456
user140,09121000140,123456
user141,09121000141,123456
user142,09121000142,123456
user143,09121000143,123456
user144,09121000144,123456
user145,09121000145,123456
user146,09121000146,123456
user147,09121000147,123456
user148,09121000148,123456
user149,09121000149,123456
user150,09121000150,123456
user151,09121000151,123456
user152,09121000152,123456
user153,09121000153,123456
user154,09121000154,123456
user155,09121000155,123456
user156,09121000156,123456
user157,09121000157,123456
user158,09121000158,123456
user159,09121000159,123456
user160,09121000160,123456
user161,09121000161,123456
user162,09121000162,123456
user163,09121000163,123456
user164,09121000164,123456
user165,09121000165,123456
user166,09121000166,123456
user167,09121000167,123456
user168,09121000168,123456
user169,09121000169,123456
user170,09121000170,123456
user171,09121000171,123456
user172,09121000172,123456
user173,09121000173,123456
user174,09121000174,123456
user175,09121000175,123456
user176,09121000176,123456
user177,09121000177,123456
user178,09121000178,123456
user179,09121000179,123456
user180,09121000180,123456
user181,09121000181,123456
user182,09121000182,123456
user183,09121000183,123456
user184,09121000184,123456
user185,09121000185,123456
user186,09121000186,123456
user187,09121000187,123456
user188,09121000188,123456
user189,09121000189,123456
user190,09121000190,123456
user191,09121000191,123456
user192,09121000192,123456
user193,09121000193,123456
user194,09121000194,123456
user195,09121000195,123456
user196,09121000196,123456
user197,09121000197,123456
user198,09121000198,123456
user199,09121000199,123456
user200,09121000200,123456
